ID,Product,Category
1,Microwaves,Technology
2,Phones,Technology
3,USB,Technology
4,Webcam,Technology
5,Remotes,Technology
6,Drones,Technology
7,Drones,Technology
8,USB,Technology
9,Fridges,Technology
10,Earbuds,Technology
11,Monitors,Technology
12,Electronic Locks,Technology
13,Mouse,Technology
14,Webcam,Technology
15,Virtual Assistant,Technology
16,Virtual Assistant,Technology
17,Virtual Assistant,Technology
18,Webcam,Technology
19,Electronic Locks,Technology
20,Virtual Assistant,Technology
21,USB,Technology
22,Virtual Assistant,Technology
23,Mouse,Technology
24,Phones,Technology
25,Microwaves,Technology
26,Monitors,Technology
27,Mouse,Technology
28,Smart fridges,Technology
29,Monitors,Technology
30,TVs,Technology
31,USB,Technology
32,Hard Drives,Technology
33,Computers,Technology
34,Tablets,Technology
35,Virtual Assistant,Technology
36,TVs,Technology
37,Phones,Technology
38,Virtual Assistant,Technology
39,Webcam,Technology
40,Mouse,Technology
41,Smart fridges,Technology
42,Fridges,Technology
43,Monitors,Technology
44,Drones,Technology
45,Fridges,Technology
46,Laptops,Technology
47,TVs,Technology
48,Microwaves,Technology
49,Phones,Technology
50,Monitors,Technology
51,Microwaves,Technology
52,Webcam,Technology
53,Cables,Technology
54,Drones,Technology
55,Fridges,Technology
56,USB,Technology
57,Mouse,Technology
58,Monitors,Technology
59,Electronic Locks,Technology
60,Electronic Locks,Technology
61,Fridges,Technology
62,Computers,Technology
63,Headphones,Technology
64,USB,Technology
65,Drones,Technology
66,Drones,Technology
67,Webcam,Technology
68,Hard Drives,Technology
69,Microwaves,Technology
70,Remotes,Technology
71,Earbuds,Technology
72,Remotes,Technology
73,Remotes,Technology
74,Tablets,Technology
75,Webcam,Technology
76,Virtual Assistant,Technology
77,Drones,Technology
78,Virtual Assistant,Technology
79,Laptops,Technology
80,Hard Drives,Technology
81,Smart fridges,Technology
82,Phones,Technology
83,Earbuds,Technology
84,USB,Technology
85,Mouse,Technology
86,Electronic Locks,Technology
87,Tablets,Technology
88,USB,Technology
89,Webcam,Technology
90,Phones,Technology
91,Tablets,Technology
92,Earbuds,Technology
93,Fridges,Technology
94,Mouse,Technology
95,Cables,Technology
96,Laptops,Technology
97,Computers,Technology
98,Phones,Technology
99,USB,Technology
100,Remotes,Technology
101,Computers,Technology
102,Smart fridges,Technology
103,Hard Drives,Technology
104,Webcam,Technology
105,Virtual Assistant,Technology
106,Monitors,Technology
107,Webcam,Technology
108,Monitors,Technology
109,Microwaves,Technology
110,Tablets,Technology
111,Smart fridges,Technology
112,Drones,Technology
113,Monitors,Technology
114,TVs,Technology
115,Earbuds,Technology
116,Laptops,Technology
117,Remotes,Technology
118,Earbuds,Technology
119,Tablets,Technology
120,Virtual Assistant,Technology
121,Electronic Locks,Technology
122,Webcam,Technology
123,Earbuds,Technology
124,Cables,Technology
125,Cables,Technology
126,Tablets,Technology
127,Webcam,Technology
128,Earbuds,Technology
129,TVs,Technology
130,Electronic Locks,Technology
131,Remotes,Technology
132,Computers,Technology
133,Monitors,Technology
134,Virtual Assistant,Technology
135,USB,Technology
136,Microwaves,Technology
137,Laptops,Technology
138,Microwaves,Technology
139,Monitors,Technology
140,Cables,Technology
141,Laptops,Technology
142,Webcam,Technology
143,Headphones,Technology
144,Drones,Technology
145,Microwaves,Technology
146,Monitors,Technology
147,Microwaves,Technology
148,Phones,Technology
149,Hard Drives,Technology
150,Earbuds,Technology
151,Phones,Technology
152,Cables,Technology
153,Electronic Locks,Technology
154,Computers,Technology
155,Computers,Technology
156,Tablets,Technology
157,Hard Drives,Technology
158,Tablets,Technology
159,Computers,Technology
160,Hard Drives,Technology
161,Virtual Assistant,Technology
162,Mouse,Technology
163,Tablets,Technology
164,Webcam,Technology
165,Hard Drives,Technology
166,Webcam,Technology
167,Laptops,Technology
168,Headphones,Technology
169,Earbuds,Technology
170,Smart fridges,Technology
171,Phones,Technology
172,Microwaves,Technology
173,Phones,Technology
174,Monitors,Technology
175,Headphones,Technology
176,USB,Technology
177,Computers,Technology
178,Monitors,Technology
179,Phones,Technology
180,Hard Drives,Technology
181,Webcam,Technology
182,Tablets,Technology
183,Cables,Technology
184,Microwaves,Technology
185,Cables,Technology
186,Monitors,Technology
187,Microwaves,Technology
188,Hard Drives,Technology
189,Cables,Technology
190,Microwaves,Technology
191,USB,Technology
192,Cables,Technology
193,Drones,Technology
194,Webcam,Technology
195,Hard Drives,Technology
196,Drones,Technology
197,USB,Technology
198,Laptops,Technology
199,Microwaves,Technology
200,Fridges,Technology
201,USB,Technology
202,Monitors,Technology
203,Virtual Assistant,Technology
204,Earbuds,Technology
205,Hard Drives,Technology
206,Computers,Technology
207,Microwaves,Technology
208,Fridges,Technology
209,Microwaves,Technology
210,Hard Drives,Technology
211,Laptops,Technology
212,Microwaves,Technology
213,TVs,Technology
214,Electronic Locks,Technology
215,Mouse,Technology
216,Tablets,Technology
217,Phones,Technology
218,Smart fridges,Technology
219,Electronic Locks,Technology
220,Remotes,Technology
221,Fridges,Technology
222,Smart fridges,Technology
223,Fridges,Technology
224,Laptops,Technology
225,Computers,Technology
226,Fridges,Technology
227,Cables,Technology
228,Cables,Technology
229,Mouse,Technology
230,USB,Technology
231,Computers,Technology
232,Tablets,Technology
233,Remotes,Technology
234,Earbuds,Technology
235,Electronic Locks,Technology
236,Earbuds,Technology
237,Hard Drives,Technology
238,Drones,Technology
239,Cables,Technology
240,Cables,Technology
241,Monitors,Technology
242,Tablets,Technology
243,Earbuds,Technology
244,Phones,Technology
245,Microwaves,Technology
246,Hard Drives,Technology
247,Phones,Technology
248,Smart fridges,Technology
249,Laptops,Technology
250,Headphones,Technology
251,Fridges,Technology
252,Microwaves,Technology
253,Monitors,Technology
254,Microwaves,Technology
255,Remotes,Technology
256,Cables,Technology
257,Phones,Technology
258,Drones,Technology
259,Phones,Technology
260,Mouse,Technology
261,Virtual Assistant,Technology
262,Drones,Technology
263,Microwaves,Technology
264,Microwaves,Technology
265,Laptops,Technology
266,Monitors,Technology
267,TVs,Technology
268,Headphones,Technology
269,Tablets,Technology
270,Tablets,Technology
271,Monitors,Technology
272,Microwaves,Technology
273,Webcam,Technology
274,USB,Technology
275,Drones,Technology
276,Microwaves,Technology
277,Mouse,Technology
278,Phones,Technology
279,Virtual Assistant,Technology
280,Microwaves,Technology
281,USB,Technology
282,Fridges,Technology
283,USB,Technology
284,Fridges,Technology
285,Electronic Locks,Technology
286,Earbuds,Technology
287,USB,Technology
288,Hard Drives,Technology
289,Headphones,Technology
290,Microwaves,Technology
291,USB,Technology
292,Earbuds,Technology
293,Fridges,Technology
294,Virtual Assistant,Technology
295,Microwaves,Technology
296,Smart fridges,Technology
297,Fridges,Technology
298,Laptops,Technology
299,Monitors,Technology
300,Remotes,Technology
301,Fridges,Technology
302,Remotes,Technology
303,Smart fridges,Technology
304,Hard Drives,Technology
305,Hard Drives,Technology
306,Monitors,Technology
307,Phones,Technology
308,Earbuds,Technology
309,Smart fridges,Technology
310,TVs,Technology
311,Virtual Assistant,Technology
312,Remotes,Technology
313,Fridges,Technology
314,Cables,Technology
315,Microwaves,Technology
316,Computers,Technology
317,Monitors,Technology
318,Mouse,Technology
319,Computers,Technology
320,Microwaves,Technology
321,USB,Technology
322,Fridges,Technology
323,Mouse,Technology
324,USB,Technology
325,Mouse,Technology
326,Tablets,Technology
327,Mouse,Technology
328,Fridges,Technology
329,Microwaves,Technology
330,Electronic Locks,Technology
331,Webcam,Technology
332,Microwaves,Technology
333,Virtual Assistant,Technology
334,Remotes,Technology
335,Microwaves,Technology
336,Remotes,Technology
337,Mouse,Technology
338,Computers,Technology
339,Computers,Technology
340,Microwaves,Technology
341,Virtual Assistant,Technology
342,Fridges,Technology
343,Webcam,Technology
344,Microwaves,Technology
345,Remotes,Technology
346,Microwaves,Technology
347,Microwaves,Technology
348,Virtual Assistant,Technology
349,USB,Technology
350,Laptops,Technology
351,Mouse,Technology
352,Tablets,Technology
353,Microwaves,Technology
354,Microwaves,Technology
355,Earbuds,Technology
356,Microwaves,Technology
357,Mouse,Technology
358,Fridges,Technology
359,Tablets,Technology
360,Computers,Technology
361,TVs,Technology
362,Drones,Technology
363,Microwaves,Technology
364,TVs,Technology
365,USB,Technology
366,Phones,Technology
367,Laptops,Technology
368,USB,Technology
369,Remotes,Technology
370,Headphones,Technology
371,TVs,Technology
372,Microwaves,Technology
373,Laptops,Technology
374,Computers,Technology
375,Remotes,Technology
376,Microwaves,Technology
377,Microwaves,Technology
378,Phones,Technology
379,TVs,Technology
380,Monitors,Technology
381,Electronic Locks,Technology
382,Earbuds,Technology
383,Microwaves,Technology
384,Earbuds,Technology
385,Laptops,Technology
386,USB,Technology
387,Electronic Locks,Technology
388,Remotes,Technology
389,Virtual Assistant,Technology
390,Hard Drives,Technology
391,Monitors,Technology
392,Tablets,Technology
393,Virtual Assistant,Technology
394,Mouse,Technology
395,Webcam,Technology
396,Mouse,Technology
397,Cables,Technology
398,USB,Technology
399,Monitors,Technology
400,Remotes,Technology
401,Computers,Technology
402,Tablets,Technology
403,Computers,Technology
404,Tablets,Technology
405,Computers,Technology
406,USB,Technology
407,Fridges,Technology
408,Remotes,Technology
409,TVs,Technology
410,Hard Drives,Technology
411,Smart fridges,Technology
412,Virtual Assistant,Technology
413,Hard Drives,Technology
414,Computers,Technology
415,Monitors,Technology
416,Smart fridges,Technology
417,Computers,Technology
418,Headphones,Technology
419,Electronic Locks,Technology
420,USB,Technology
421,Earbuds,Technology
422,Mouse,Technology
423,Smart fridges,Technology
424,Microwaves,Technology
425,Computers,Technology
426,TVs,Technology
427,Smart fridges,Technology
428,Monitors,Technology
429,Drones,Technology
430,Earbuds,Technology
431,Computers,Technology
432,Remotes,Technology
433,Headphones,Technology
434,TVs,Technology
435,Smart fridges,Technology
436,Tablets,Technology
437,Cables,Technology
438,Virtual Assistant,Technology
439,USB,Technology
440,Monitors,Technology
441,Drones,Technology
442,Fridges,Technology
443,Microwaves,Technology
444,Hard Drives,Technology
445,Fridges,Technology
446,Virtual Assistant,Technology
447,USB,Technology
448,Laptops,Technology
449,Drones,Technology
450,Smart fridges,Technology
451,Headphones,Technology
452,TVs,Technology
453,Virtual Assistant,Technology
454,Tablets,Technology
455,Webcam,Technology
456,Hard Drives,Technology
457,Virtual Assistant,Technology
458,Microwaves,Technology
459,Headphones,Technology
460,Webcam,Technology
461,Laptops,Technology
462,Cables,Technology
463,Microwaves,Technology
464,Cables,Technology
465,Phones,Technology
466,Electronic Locks,Technology
467,Hard Drives,Technology
468,Headphones,Technology
469,Microwaves,Technology
470,Cables,Technology
471,Hard Drives,Technology
472,Microwaves,Technology
473,Electronic Locks,Technology
474,Laptops,Technology
475,Microwaves,Technology
476,USB,Technology
477,Monitors,Technology
478,Hard Drives,Technology
479,Mouse,Technology
480,Smart fridges,Technology
481,Virtual Assistant,Technology
482,Electronic Locks,Technology
483,Hard Drives,Technology
484,Drones,Technology
485,TVs,Technology
486,Hard Drives,Technology
487,Electronic Locks,Technology
488,TVs,Technology
489,Drones,Technology
490,Earbuds,Technology
491,Microwaves,Technology
492,Mouse,Technology
493,Electronic Locks,Technology
494,Microwaves,Technology
495,Smart fridges,Technology
496,Hard Drives,Technology
497,Microwaves,Technology
498,Phones,Technology
499,Tablets,Technology
500,Electronic Locks,Technology
501,Dresses,Clothes
502,Suits,Clothes
503,Jeans,Clothes
504,Kahkis,Clothes
505,Wallet,Clothes
506,Scarves,Clothes
507,Jackets,Clothes
508,Dresses,Clothes
509,Sandals,Clothes
510,T-shirts,Clothes
511,Earrings,Clothes
512,Suits,Clothes
513,Gowns,Clothes
514,Sandals,Clothes
515,Ties,Clothes
516,T-shirts,Clothes
517,Suits,Clothes
518,Bow-ties,Clothes
519,Wallet,Clothes
520,Dresses,Clothes
521,Boxers,Clothes
522,Scarves,Clothes
523,Briefs,Clothes
524,Tracksuit,Clothes
525,Socks,Clothes
526,Gowns,Clothes
527,Jackets,Clothes
528,Watch,Clothes
529,Briefs,Clothes
530,Sunglasses,Clothes
531,T-shirts,Clothes
532,Jackets,Clothes
533,Belts,Clothes
534,Dresses,Clothes
535,Underwear,Clothes
536,T-shirts,Clothes
537,Earrings,Clothes
538,Belts,Clothes
539,Sunglasses,Clothes
540,Jackets,Clothes
541,Swimwear,Clothes
542,Kahkis,Clothes
543,Bow-ties,Clothes
544,Jeans,Clothes
545,Earrings,Clothes
546,Suits,Clothes
547,Jeans,Clothes
548,Glasses,Clothes
549,Gowns,Clothes
550,Tracksuit,Clothes
551,Bow-ties,Clothes
552,Belts,Clothes
553,Watch,Clothes
554,Glasses,Clothes
555,Glasses,Clothes
556,Briefs,Clothes
557,Kahkis,Clothes
558,Underwear,Clothes
559,Dresses,Clothes
560,Glasses,Clothes
561,Underwear,Clothes
562,Sandals,Clothes
563,T-shirts,Clothes
564,Cap,Clothes
565,Sunglasses,Clothes
566,Earrings,Clothes
567,Jackets,Clothes
568,Briefs,Clothes
569,Cap,Clothes
570,Sandals,Clothes
571,Sandals,Clothes
572,Formal Wear,Clothes
573,Swimwear,Clothes
574,Sandals,Clothes
575,Formal Wear,Clothes
576,Boxers,Clothes
577,Shoes,Clothes
578,Coats,Clothes
579,Wallet,Clothes
580,Sunglasses,Clothes
581,Underwear,Clothes
582,Scarves,Clothes
583,Scarves,Clothes
584,Dresses,Clothes
585,Socks,Clothes
586,Watch,Clothes
587,Socks,Clothes
588,Earrings,Clothes
589,Scarves,Clothes
590,Earrings,Clothes
591,Briefs,Clothes
592,Suits,Clothes
593,Glasses,Clothes
594,Kahkis,Clothes
595,Ties,Clothes
596,Jackets,Clothes
597,T-shirts,Clothes
598,Belts,Clothes
599,Sandals,Clothes
600,Wallet,Clothes
601,Scarves,Clothes
602,Scarves,Clothes
603,Boxers,Clothes
604,Glasses,Clothes
605,Coats,Clothes
606,Suits,Clothes
607,Swimwear,Clothes
608,Boxers,Clothes
609,Belts,Clothes
610,Belts,Clothes
611,Watch,Clothes
612,Boxers,Clothes
613,Sandals,Clothes
614,Formal Wear,Clothes
615,Wallet,Clothes
616,Shoes,Clothes
617,Watch,Clothes
618,Sandals,Clothes
619,Sunglasses,Clothes
620,Cap,Clothes
621,Briefs,Clothes
622,Wallet,Clothes
623,Sunglasses,Clothes
624,Underwear,Clothes
625,Wallet,Clothes
626,Wallet,Clothes
627,Tracksuit,Clothes
628,Glasses,Clothes
629,Glasses,Clothes
630,Glasses,Clothes
631,T-shirts,Clothes
632,Ties,Clothes
633,Ties,Clothes
634,Jeans,Clothes
635,Socks,Clothes
636,Swimwear,Clothes
637,Scarves,Clothes
638,Socks,Clothes
639,Shoes,Clothes
640,Suits,Clothes
641,Glasses,Clothes
642,Jackets,Clothes
643,Dresses,Clothes
644,Sunglasses,Clothes
645,Formal Wear,Clothes
646,Jackets,Clothes
647,Gowns,Clothes
648,Glasses,Clothes
649,Formal Wear,Clothes
650,Briefs,Clothes
651,Jackets,Clothes
652,Jackets,Clothes
653,Socks,Clothes
654,Ties,Clothes
655,T-shirts,Clothes
656,Ties,Clothes
657,Boxers,Clothes
658,Bow-ties,Clothes
659,Socks,Clothes
660,Dresses,Clothes
661,Briefs,Clothes
662,Jeans,Clothes
663,Bow-ties,Clothes
664,Sandals,Clothes
665,Formal Wear,Clothes
666,Shoes,Clothes
667,Coats,Clothes
668,Formal Wear,Clothes
669,Dresses,Clothes
670,Scarves,Clothes
671,Suits,Clothes
672,Bow-ties,Clothes
673,T-shirts,Clothes
674,Formal Wear,Clothes
675,Ties,Clothes
676,Boxers,Clothes
677,Jeans,Clothes
678,Earrings,Clothes
679,Gowns,Clothes
680,Boxers,Clothes
681,Jackets,Clothes
682,Belts,Clothes
683,Suits,Clothes
684,Bow-ties,Clothes
685,Earrings,Clothes
686,Gowns,Clothes
687,Briefs,Clothes
688,Gowns,Clothes
689,Gowns,Clothes
690,Swimwear,Clothes
691,Tracksuit,Clothes
692,Belts,Clothes
693,Wallet,Clothes
694,Wallet,Clothes
695,Boxers,Clothes
696,Tracksuit,Clothes
697,Socks,Clothes
698,Belts,Clothes
699,Earrings,Clothes
700,Kahkis,Clothes
701,Scarves,Clothes
702,Coats,Clothes
703,Bow-ties,Clothes
704,Glasses,Clothes
705,Ties,Clothes
706,Boxers,Clothes
707,Jeans,Clothes
708,Formal Wear,Clothes
709,Shoes,Clothes
710,Sandals,Clothes
711,Watch,Clothes
712,Socks,Clothes
713,Boxers,Clothes
714,Underwear,Clothes
715,Coats,Clothes
716,Sunglasses,Clothes
717,Wallet,Clothes
718,Jackets,Clothes
719,Scarves,Clothes
720,Shoes,Clothes
721,Kahkis,Clothes
722,Underwear,Clothes
723,Ties,Clothes
724,Jeans,Clothes
725,Tracksuit,Clothes
726,Coats,Clothes
727,Glasses,Clothes
728,Gowns,Clothes
729,Kahkis,Clothes
730,Earrings,Clothes
731,Belts,Clothes
732,Tracksuit,Clothes
733,Cap,Clothes
734,Coats,Clothes
735,Earrings,Clothes
736,Jackets,Clothes
737,Shoes,Clothes
738,Wallet,Clothes
739,Jackets,Clothes
740,Coats,Clothes
741,Glasses,Clothes
742,Kahkis,Clothes
743,Coats,Clothes
744,Ties,Clothes
745,Cap,Clothes
746,Swimwear,Clothes
747,Sandals,Clothes
748,Briefs,Clothes
749,Ties,Clothes
750,Wallet,Clothes
751,Coats,Clothes
752,Sunglasses,Clothes
753,Sandals,Clothes
754,Jackets,Clothes
755,Swimwear,Clothes
756,Cap,Clothes
757,Jeans,Clothes
758,Shoes,Clothes
759,Socks,Clothes
760,Bow-ties,Clothes
761,Sunglasses,Clothes
762,Gowns,Clothes
763,Coats,Clothes
764,Sunglasses,Clothes
765,Socks,Clothes
766,T-shirts,Clothes
767,Gowns,Clothes
768,Belts,Clothes
769,Sunglasses,Clothes
770,Bow-ties,Clothes
771,Socks,Clothes
772,Boxers,Clothes
773,Underwear,Clothes
774,Boxers,Clothes
775,Suits,Clothes
776,Briefs,Clothes
777,Swimwear,Clothes
778,Scarves,Clothes
779,Formal Wear,Clothes
780,Swimwear,Clothes
781,Bow-ties,Clothes
782,Suits,Clothes
783,Cap,Clothes
784,Scarves,Clothes
785,Jackets,Clothes
786,Belts,Clothes
787,Jeans,Clothes
788,Gowns,Clothes
789,Socks,Clothes
790,Gowns,Clothes
791,Swimwear,Clothes
792,Wallet,Clothes
793,Sandals,Clothes
794,Swimwear,Clothes
795,Sunglasses,Clothes
796,Kahkis,Clothes
797,Watch,Clothes
798,Suits,Clothes
799,Jeans,Clothes
800,Gowns,Clothes
801,T-shirts,Clothes
802,Coats,Clothes
803,Kahkis,Clothes
804,Scarves,Clothes
805,Suits,Clothes
806,Sunglasses,Clothes
807,Formal Wear,Clothes
808,Kahkis,Clothes
809,Briefs,Clothes
810,Coats,Clothes
811,Jackets,Clothes
812,Ties,Clothes
813,Ties,Clothes
814,Ties,Clothes
815,Coats,Clothes
816,Boxers,Clothes
817,Earrings,Clothes
818,Boxers,Clothes
819,Scarves,Clothes
820,Coats,Clothes
821,Underwear,Clothes
822,Belts,Clothes
823,Sunglasses,Clothes
824,Jeans,Clothes
825,Watch,Clothes
826,Briefs,Clothes
827,Glasses,Clothes
828,Bow-ties,Clothes
829,Bow-ties,Clothes
830,Jackets,Clothes
831,Dresses,Clothes
832,Ties,Clothes
833,Glasses,Clothes
834,Earrings,Clothes
835,Shoes,Clothes
836,Coats,Clothes
837,Gowns,Clothes
838,Formal Wear,Clothes
839,Dresses,Clothes
840,Glasses,Clothes
841,Underwear,Clothes
842,Earrings,Clothes
843,T-shirts,Clothes
844,Formal Wear,Clothes
845,Dresses,Clothes
846,Gowns,Clothes
847,Boxers,Clothes
848,Gowns,Clothes
849,Tracksuit,Clothes
850,Belts,Clothes
851,Sandals,Clothes
852,Jeans,Clothes
853,Wallet,Clothes
854,Suits,Clothes
855,Belts,Clothes
856,Formal Wear,Clothes
857,Kahkis,Clothes
858,Sandals,Clothes
859,Sandals,Clothes
860,Sunglasses,Clothes
861,Socks,Clothes
862,Underwear,Clothes
863,Jackets,Clothes
864,Wallet,Clothes
865,Wallet,Clothes
866,Tracksuit,Clothes
867,Cap,Clothes
868,Gowns,Clothes
869,Jeans,Clothes
870,Briefs,Clothes
871,Suits,Clothes
872,Jeans,Clothes
873,Underwear,Clothes
874,Kahkis,Clothes
875,Scarves,Clothes
876,Briefs,Clothes
877,Scarves,Clothes
878,Gowns,Clothes
879,Sunglasses,Clothes
880,Swimwear,Clothes
881,Jackets,Clothes
882,Gowns,Clothes
883,Tracksuit,Clothes
884,Tracksuit,Clothes
885,Suits,Clothes
886,Socks,Clothes
887,Suits,Clothes
888,Coats,Clothes
889,Formal Wear,Clothes
890,Jackets,Clothes
891,Wallet,Clothes
892,Wallet,Clothes
893,Gowns,Clothes
894,Sandals,Clothes
895,Belts,Clothes
896,Coats,Clothes
897,Socks,Clothes
898,Bow-ties,Clothes
899,Ties,Clothes
900,Cap,Clothes
901,Shoes,Clothes
902,Wallet,Clothes
903,Belts,Clothes
904,Gowns,Clothes
905,Dresses,Clothes
906,Swimwear,Clothes
907,Boxers,Clothes
908,Sunglasses,Clothes
909,Watch,Clothes
910,Earrings,Clothes
911,Kahkis,Clothes
912,Underwear,Clothes
913,T-shirts,Clothes
914,Dresses,Clothes
915,Cap,Clothes
916,Glasses,Clothes
917,Briefs,Clothes
918,Sandals,Clothes
919,Kahkis,Clothes
920,Shoes,Clothes
921,Bow-ties,Clothes
922,Scarves,Clothes
923,Earrings,Clothes
924,Shoes,Clothes
925,Coats,Clothes
926,Glasses,Clothes
927,T-shirts,Clothes
928,Coats,Clothes
929,Shoes,Clothes
930,Boxers,Clothes
931,Sandals,Clothes
932,Glasses,Clothes
933,Boxers,Clothes
934,Coats,Clothes
935,Ties,Clothes
936,Sandals,Clothes
937,Sandals,Clothes
938,Sandals,Clothes
939,Tracksuit,Clothes
940,Formal Wear,Clothes
941,Shoes,Clothes
942,Shoes,Clothes
943,Gowns,Clothes
944,Underwear,Clothes
945,Ties,Clothes
946,Tracksuit,Clothes
947,Sunglasses,Clothes
948,Earrings,Clothes
949,Jeans,Clothes
950,Dresses,Clothes
951,Underwear,Clothes
952,Briefs,Clothes
953,Boxers,Clothes
954,Jeans,Clothes
955,Jeans,Clothes
956,Tracksuit,Clothes
957,Boxers,Clothes
958,Briefs,Clothes
959,Jackets,Clothes
960,Socks,Clothes
961,Kahkis,Clothes
962,T-shirts,Clothes
963,Gowns,Clothes
964,Watch,Clothes
965,Swimwear,Clothes
966,Cap,Clothes
967,Earrings,Clothes
968,Bow-ties,Clothes
969,Ties,Clothes
970,Coats,Clothes
971,Belts,Clothes
972,Dresses,Clothes
973,Suits,Clothes
974,Bow-ties,Clothes
975,Kahkis,Clothes
976,Suits,Clothes
977,Underwear,Clothes
978,Bow-ties,Clothes
979,Boxers,Clothes
980,Wallet,Clothes
981,Briefs,Clothes
982,Bow-ties,Clothes
983,Suits,Clothes
984,Jeans,Clothes
985,Sandals,Clothes
986,Bow-ties,Clothes
987,Wallet,Clothes
988,Jackets,Clothes
989,Watch,Clothes
990,Glasses,Clothes
991,Sunglasses,Clothes
992,Cap,Clothes
993,Underwear,Clothes
994,Kahkis,Clothes
995,Swimwear,Clothes
996,Wallet,Clothes
997,Gowns,Clothes
998,Sandals,Clothes
999,Sunglasses,Clothes
1000,Glasses,Clothes
1001,Couches,Furniture
1002,Chairs,Furniture
1003,Couches,Furniture
1004,Stool,Furniture
1005,Bookcase,Furniture
1006,Ladders,Furniture
1007,Stool,Furniture
1008,Cradle,Furniture
1009,Bookcase,Furniture
1010,Ottoman,Furniture
1011,Tables,Furniture
1012,Grandfather clock,Furniture
1013,Beds,Furniture
1014,Bookcase,Furniture
1015,Chairs,Furniture
1016,Cradle,Furniture
1017,Ladders,Furniture
1018,Couches,Furniture
1019,Couches,Furniture
1020,Recliners,Furniture
1021,Shelves,Furniture
1022,Chairs,Furniture
1023,Ottoman,Furniture
1024,Shelves,Furniture
1025,Tables,Furniture
1026,Clocks,Furniture
1027,Ladders,Furniture
1028,Stool,Furniture
1029,Ottoman,Furniture
1030,Shelves,Furniture
1031,Ladders,Furniture
1032,Cradle,Furniture
1033,Chairs,Furniture
1034,Shelves,Furniture
1035,Cradle,Furniture
1036,Clocks,Furniture
1037,Cradle,Furniture
1038,Recliners,Furniture
1039,Beds,Furniture
1040,Recliners,Furniture
1041,Couches,Furniture
1042,Cradle,Furniture
1043,Ottoman,Furniture
1044,Shelves,Furniture
1045,Ladders,Furniture
1046,Beds,Furniture
1047,Stool,Furniture
1048,Dresser,Furniture
1049,Shelves,Furniture
1050,Clocks,Furniture
1051,Ottoman,Furniture
1052,Bookcase,Furniture
1053,Bookcase,Furniture
1054,Cradle,Furniture
1055,Ladders,Furniture
1056,Couches,Furniture
1057,Couches,Furniture
1058,Chairs,Furniture
1059,Ladders,Furniture
1060,Cupboard,Furniture
1061,Ottoman,Furniture
1062,Bookcase,Furniture
1063,Cupboard,Furniture
1064,Cradle,Furniture
1065,Ladders,Furniture
1066,Stool,Furniture
1067,Beds,Furniture
1068,Beds,Furniture
1069,Chest,Furniture
1070,Chest,Furniture
1071,Cabinets,Furniture
1072,Chairs,Furniture
1073,Stool,Furniture
1074,Stool,Furniture
1075,Tables,Furniture
1076,Ladders,Furniture
1077,Beds,Furniture
1078,Cradle,Furniture
1079,Cabinets,Furniture
1080,Grandfather clock,Furniture
1081,Tables,Furniture
1082,Dresser,Furniture
1083,Stool,Furniture
1084,Grandfather clock,Furniture
1085,Chairs,Furniture
1086,Cupboard,Furniture
1087,Beds,Furniture
1088,Stool,Furniture
1089,Couches,Furniture
1090,Ottoman,Furniture
1091,Ottoman,Furniture
1092,Bookcase,Furniture
1093,Dresser,Furniture
1094,Shelves,Furniture
1095,Chest,Furniture
1096,Ottoman,Furniture
1097,Cabinets,Furniture
1098,Bookcase,Furniture
1099,Ladders,Furniture
1100,Ottoman,Furniture
1101,Shelves,Furniture
1102,Chest,Furniture
1103,Couches,Furniture
1104,Stool,Furniture
1105,Recliners,Furniture
1106,Beds,Furniture
1107,Couches,Furniture
1108,Dresser,Furniture
1109,Beds,Furniture
1110,Cabinets,Furniture
1111,Cradle,Furniture
1112,Ladders,Furniture
1113,Recliners,Furniture
1114,Stool,Furniture
1115,Recliners,Furniture
1116,Stool,Furniture
1117,Ottoman,Furniture
1118,Cradle,Furniture
1119,Couches,Furniture
1120,Chest,Furniture
1121,Ottoman,Furniture
1122,Shelves,Furniture
1123,Cabinets,Furniture
1124,Chairs,Furniture
1125,Cabinets,Furniture
1126,Chest,Furniture
1127,Ladders,Furniture
1128,Chairs,Furniture
1129,Cradle,Furniture
1130,Chairs,Furniture
1131,Cabinets,Furniture
1132,Beds,Furniture
1133,Dresser,Furniture
1134,Cabinets,Furniture
1135,Clocks,Furniture
1136,Cupboard,Furniture
1137,Bookcase,Furniture
1138,Clocks,Furniture
1139,Chairs,Furniture
1140,Cupboard,Furniture
1141,Recliners,Furniture
1142,Couches,Furniture
1143,Ladders,Furniture
1144,Grandfather clock,Furniture
1145,Beds,Furniture
1146,Chairs,Furniture
1147,Cabinets,Furniture
1148,Beds,Furniture
1149,Stool,Furniture
1150,Ottoman,Furniture
1151,Chest,Furniture
1152,Shelves,Furniture
1153,Bookcase,Furniture
1154,Dresser,Furniture
1155,Cradle,Furniture
1156,Couches,Furniture
1157,Cabinets,Furniture
1158,Cradle,Furniture
1159,Shelves,Furniture
1160,Couches,Furniture
1161,Grandfather clock,Furniture
1162,Cabinets,Furniture
1163,Dresser,Furniture
1164,Couches,Furniture
1165,Ottoman,Furniture
1166,Recliners,Furniture
1167,Cupboard,Furniture
1168,Ottoman,Furniture
1169,Ladders,Furniture
1170,Beds,Furniture
1171,Chest,Furniture
1172,Chest,Furniture
1173,Dresser,Furniture
1174,Chest,Furniture
1175,Ladders,Furniture
1176,Chairs,Furniture
1177,Chairs,Furniture
1178,Grandfather clock,Furniture
1179,Grandfather clock,Furniture
1180,Clocks,Furniture
1181,Tables,Furniture
1182,Cupboard,Furniture
1183,Stool,Furniture
1184,Recliners,Furniture
1185,Ottoman,Furniture
1186,Bookcase,Furniture
1187,Recliners,Furniture
1188,Cabinets,Furniture
1189,Stool,Furniture
1190,Ladders,Furniture
1191,Cupboard,Furniture
1192,Cabinets,Furniture
1193,Cupboard,Furniture
1194,Shelves,Furniture
1195,Bookcase,Furniture
1196,Grandfather clock,Furniture
1197,Recliners,Furniture
1198,Cupboard,Furniture
1199,Beds,Furniture
1200,Ottoman,Furniture
1201,Grandfather clock,Furniture
1202,Couches,Furniture
1203,Chairs,Furniture
1204,Cupboard,Furniture
1205,Cabinets,Furniture
1206,Stool,Furniture
1207,Grandfather clock,Furniture
1208,Recliners,Furniture
1209,Chest,Furniture
1210,Chairs,Furniture
1211,Stool,Furniture
1212,Ladders,Furniture
1213,Tables,Furniture
1214,Beds,Furniture
1215,Recliners,Furniture
1216,Ladders,Furniture
1217,Ladders,Furniture
1218,Chest,Furniture
1219,Clocks,Furniture
1220,Stool,Furniture
1221,Grandfather clock,Furniture
1222,Cradle,Furniture
1223,Beds,Furniture
1224,Ottoman,Furniture
1225,Recliners,Furniture
1226,Dresser,Furniture
1227,Tables,Furniture
1228,Couches,Furniture
1229,Chest,Furniture
1230,Tables,Furniture
1231,Couches,Furniture
1232,Ottoman,Furniture
1233,Clocks,Furniture
1234,Bookcase,Furniture
1235,Chest,Furniture
1236,Grandfather clock,Furniture
1237,Chairs,Furniture
1238,Tables,Furniture
1239,Bookcase,Furniture
1240,Clocks,Furniture
1241,Cradle,Furniture
1242,Cabinets,Furniture
1243,Beds,Furniture
1244,Ladders,Furniture
1245,Beds,Furniture
1246,Recliners,Furniture
1247,Recliners,Furniture
1248,Grandfather clock,Furniture
1249,Cabinets,Furniture
1250,Shelves,Furniture
1251,Couches,Furniture
1252,Grandfather clock,Furniture
1253,Shelves,Furniture
1254,Cabinets,Furniture
1255,Beds,Furniture
1256,Ladders,Furniture
1257,Cupboard,Furniture
1258,Dresser,Furniture
1259,Tables,Furniture
1260,Recliners,Furniture
1261,Ottoman,Furniture
1262,Clocks,Furniture
1263,Dresser,Furniture
1264,Ladders,Furniture
1265,Couches,Furniture
1266,Chairs,Furniture
1267,Chairs,Furniture
1268,Ladders,Furniture
1269,Ladders,Furniture
1270,Couches,Furniture
1271,Beds,Furniture
1272,Cradle,Furniture
1273,Ottoman,Furniture
1274,Cabinets,Furniture
1275,Chest,Furniture
1276,Chest,Furniture
1277,Clocks,Furniture
1278,Cupboard,Furniture
1279,Couches,Furniture
1280,Bookcase,Furniture
1281,Stool,Furniture
1282,Chest,Furniture
1283,Ottoman,Furniture
1284,Cupboard,Furniture
1285,Stool,Furniture
1286,Cabinets,Furniture
1287,Cupboard,Furniture
1288,Chairs,Furniture
1289,Couches,Furniture
1290,Cabinets,Furniture
1291,Cupboard,Furniture
1292,Dresser,Furniture
1293,Cabinets,Furniture
1294,Tables,Furniture
1295,Cupboard,Furniture
1296,Recliners,Furniture
1297,Dresser,Furniture
1298,Beds,Furniture
1299,Clocks,Furniture
1300,Cupboard,Furniture
1301,Chest,Furniture
1302,Ladders,Furniture
1303,Recliners,Furniture
1304,Cabinets,Furniture
1305,Couches,Furniture
1306,Chairs,Furniture
1307,Chairs,Furniture
1308,Bookcase,Furniture
1309,Grandfather clock,Furniture
1310,Dresser,Furniture
1311,Dresser,Furniture
1312,Bookcase,Furniture
1313,Grandfather clock,Furniture
1314,Cupboard,Furniture
1315,Couches,Furniture
1316,Grandfather clock,Furniture
1317,Beds,Furniture
1318,Clocks,Furniture
1319,Bookcase,Furniture
1320,Cabinets,Furniture
1321,Dresser,Furniture
1322,Shelves,Furniture
1323,Dresser,Furniture
1324,Recliners,Furniture
1325,Bookcase,Furniture
1326,Cradle,Furniture
1327,Cradle,Furniture
1328,Ladders,Furniture
1329,Bookcase,Furniture
1330,Dresser,Furniture
1331,Cupboard,Furniture
1332,Recliners,Furniture
1333,Beds,Furniture
1334,Grandfather clock,Furniture
1335,Grandfather clock,Furniture
1336,Shelves,Furniture
1337,Recliners,Furniture
1338,Cabinets,Furniture
1339,Cabinets,Furniture
1340,Tables,Furniture
1341,Chairs,Furniture
1342,Shelves,Furniture
1343,Stool,Furniture
1344,Dresser,Furniture
1345,Clocks,Furniture
1346,Cabinets,Furniture
1347,Beds,Furniture
1348,Clocks,Furniture
1349,Cradle,Furniture
1350,Cabinets,Furniture
1351,Shelves,Furniture
1352,Ladders,Furniture
1353,Grandfather clock,Furniture
1354,Beds,Furniture
1355,Grandfather clock,Furniture
1356,Couches,Furniture
1357,Tables,Furniture
1358,Cabinets,Furniture
1359,Ottoman,Furniture
1360,Recliners,Furniture
1361,Stool,Furniture
1362,Cupboard,Furniture
1363,Cupboard,Furniture
1364,Ladders,Furniture
1365,Shelves,Furniture
1366,Clocks,Furniture
1367,Tables,Furniture
1368,Shelves,Furniture
1369,Cupboard,Furniture
1370,Cupboard,Furniture
1371,Ladders,Furniture
1372,Beds,Furniture
1373,Chairs,Furniture
1374,Recliners,Furniture
1375,Ottoman,Furniture
1376,Recliners,Furniture
1377,Chairs,Furniture
1378,Cradle,Furniture
1379,Chest,Furniture
1380,Clocks,Furniture
1381,Dresser,Furniture
1382,Stool,Furniture
1383,Cradle,Furniture
1384,Couches,Furniture
1385,Clocks,Furniture
1386,Ladders,Furniture
1387,Chairs,Furniture
1388,Cabinets,Furniture
1389,Ladders,Furniture
1390,Couches,Furniture
1391,Stool,Furniture
1392,Stool,Furniture
1393,Ladders,Furniture
1394,Chest,Furniture
1395,Stool,Furniture
1396,Clocks,Furniture
1397,Chest,Furniture
1398,Bookcase,Furniture
1399,Chairs,Furniture
1400,Couches,Furniture
1401,Cupboard,Furniture
1402,Shelves,Furniture
1403,Cradle,Furniture
1404,Chest,Furniture
1405,Beds,Furniture
1406,Chairs,Furniture
1407,Cradle,Furniture
1408,Dresser,Furniture
1409,Clocks,Furniture
1410,Cabinets,Furniture
1411,Tables,Furniture
1412,Beds,Furniture
1413,Tables,Furniture
1414,Grandfather clock,Furniture
1415,Cupboard,Furniture
1416,Cabinets,Furniture
1417,Ottoman,Furniture
1418,Cupboard,Furniture
1419,Dresser,Furniture
1420,Dresser,Furniture
1421,Shelves,Furniture
1422,Couches,Furniture
1423,Tables,Furniture
1424,Bookcase,Furniture
1425,Ladders,Furniture
1426,Tables,Furniture
1427,Ladders,Furniture
1428,Ottoman,Furniture
1429,Ladders,Furniture
1430,Cradle,Furniture
1431,Ottoman,Furniture
1432,Chest,Furniture
1433,Cradle,Furniture
1434,Clocks,Furniture
1435,Grandfather clock,Furniture
1436,Shelves,Furniture
1437,Stool,Furniture
1438,Ladders,Furniture
1439,Chest,Furniture
1440,Recliners,Furniture
1441,Ladders,Furniture
1442,Cabinets,Furniture
1443,Stool,Furniture
1444,Couches,Furniture
1445,Ladders,Furniture
1446,Grandfather clock,Furniture
1447,Couches,Furniture
1448,Shelves,Furniture
1449,Beds,Furniture
1450,Chairs,Furniture
1451,Shelves,Furniture
1452,Ladders,Furniture
1453,Ottoman,Furniture
1454,Bookcase,Furniture
1455,Beds,Furniture
1456,Ladders,Furniture
1457,Dresser,Furniture
1458,Beds,Furniture
1459,Couches,Furniture
1460,Recliners,Furniture
1461,Chairs,Furniture
1462,Cradle,Furniture
1463,Chest,Furniture
1464,Ottoman,Furniture
1465,Tables,Furniture
1466,Bookcase,Furniture
1467,Cupboard,Furniture
1468,Ottoman,Furniture
1469,Cradle,Furniture
1470,Ladders,Furniture
1471,Dresser,Furniture
1472,Chairs,Furniture
1473,Tables,Furniture
1474,Tables,Furniture
1475,Chairs,Furniture
1476,Cupboard,Furniture
1477,Cupboard,Furniture
1478,Cupboard,Furniture
1479,Chairs,Furniture
1480,Cupboard,Furniture
1481,Bookcase,Furniture
1482,Grandfather clock,Furniture
1483,Recliners,Furniture
1484,Chest,Furniture
1485,Cabinets,Furniture
1486,Cradle,Furniture
1487,Stool,Furniture
1488,Stool,Furniture
1489,Stool,Furniture
1490,Couches,Furniture
1491,Clocks,Furniture
1492,Tables,Furniture
1493,Clocks,Furniture
1494,Dresser,Furniture
1495,Dresser,Furniture
1496,Stool,Furniture
1497,Ottoman,Furniture
1498,Ottoman,Furniture
1499,Ottoman,Furniture
1500,Bookcase,Furniture
1501,Sketchbooks,School Items
1502,Lunchbox,School Items
1503,Calculators,School Items
1504,Glue Stick,School Items
1505,Textbooks,School Items
1506,Sketchbooks,School Items
1507,Glue Stick,School Items
1508,Textbooks,School Items
1509,Backpacks,School Items
1510,Gym Bag,School Items
1511,Gym Bag,School Items
1512,Folders,School Items
1513,Uniforms,School Items
1514,Markers,School Items
1515,Bags,School Items
1516,Folders,School Items
1517,Erasers,School Items
1518,Gym Bag,School Items
1519,Mechanical Pencils,School Items
1520,Pens,School Items
1521,Pencil Pouch,School Items
1522,Pens,School Items
1523,Bags,School Items
1524,Mechanical Pencils,School Items
1525,Backpacks,School Items
1526,Pens,School Items
1527,Chromebooks,School Items
1528,Rulers,School Items
1529,Folders,School Items
1530,Markers,School Items
1531,Backpacks,School Items
1532,Bags,School Items
1533,Sketchbooks,School Items
1534,Uniforms,School Items
1535,Markers,School Items
1536,Sharpie pens,School Items
1537,Chromebooks,School Items
1538,Sharpie pens,School Items
1539,Gym Bag,School Items
1540,Pencils,School Items
1541,Erasers,School Items
1542,Pens,School Items
1543,Mechanical Pencils,School Items
1544,Textbooks,School Items
1545,Calculators,School Items
1546,Index cards,School Items
1547,Erasers,School Items
1548,Lunchbox,School Items
1549,Lunch Bags,School Items
1550,Calculators,School Items
1551,Calculators,School Items
1552,Folders,School Items
1553,Uniforms,School Items
1554,Crayons,School Items
1555,Sketchbooks,School Items
1556,Sharpie pens,School Items
1557,Lunchbox,School Items
1558,Mechanical Pencils,School Items
1559,Folders,School Items
1560,Pencils,School Items
1561,Erasers,School Items
1562,Uniforms,School Items
1563,Chromebooks,School Items
1564,Mechanical Pencils,School Items
1565,Uniforms,School Items
1566,Lunchbox,School Items
1567,Pencils,School Items
1568,Index cards,School Items
1569,Textbooks,School Items
1570,Pencil Pouch,School Items
1571,Backpacks,School Items
1572,Mechanical Pencils,School Items
1573,Chromebooks,School Items
1574,Uniforms,School Items
1575,Gym Bag,School Items
1576,Pencils,School Items
1577,Textbooks,School Items
1578,Crayons,School Items
1579,Crayons,School Items
1580,Backpacks,School Items
1581,Notebooks,School Items
1582,Index cards,School Items
1583,Lunchbox,School Items
1584,Notebooks,School Items
1585,Glue Stick,School Items
1586,Textbooks,School Items
1587,Glue Stick,School Items
1588,Calculators,School Items
1589,Notepads,School Items
1590,Lunchbox,School Items
1591,Pencils,School Items
1592,Pencil Pouch,School Items
1593,Lunch Bags,School Items
1594,Pencil Pouch,School Items
1595,Bags,School Items
1596,Lunch Bags,School Items
1597,Textbooks,School Items
1598,Backpacks,School Items
1599,Lunch Bags,School Items
1600,Gym Bag,School Items
1601,Lunch Bags,School Items
1602,Rulers,School Items
1603,Gym Bag,School Items
1604,Notepads,School Items
1605,Pencil Pouch,School Items
1606,Erasers,School Items
1607,Lunch Bags,School Items
1608,Pencil Pouch,School Items
1609,Glue Stick,School Items
1610,Pencils,School Items
1611,Notepads,School Items
1612,Pencils,School Items
1613,Bags,School Items
1614,Uniforms,School Items
1615,Rulers,School Items
1616,Sharpie pens,School Items
1617,Notebooks,School Items
1618,Erasers,School Items
1619,Chromebooks,School Items
1620,Pencils,School Items
1621,Sharpie pens,School Items
1622,Mechanical Pencils,School Items
1623,Mechanical Pencils,School Items
1624,Index cards,School Items
1625,Notebooks,School Items
1626,Index cards,School Items
1627,Gym Bag,School Items
1628,Folders,School Items
1629,Sharpie pens,School Items
1630,Gym Bag,School Items
1631,Rulers,School Items
1632,Pens,School Items
1633,Calculators,School Items
1634,Chromebooks,School Items
1635,Glue Stick,School Items
1636,Calculators,School Items
1637,Pencils,School Items
1638,Sketchbooks,School Items
1639,Markers,School Items
1640,Gym Bag,School Items
1641,Backpacks,School Items
1642,Backpacks,School Items
1643,Sketchbooks,School Items
1644,Lunch Bags,School Items
1645,Index cards,School Items
1646,Mechanical Pencils,School Items
1647,Uniforms,School Items
1648,Backpacks,School Items
1649,Pencils,School Items
1650,Index cards,School Items
1651,Gym Bag,School Items
1652,Index cards,School Items
1653,Mechanical Pencils,School Items
1654,Mechanical Pencils,School Items
1655,Gym Bag,School Items
1656,Uniforms,School Items
1657,Calculators,School Items
1658,Pencil Pouch,School Items
1659,Backpacks,School Items
1660,Folders,School Items
1661,Uniforms,School Items
1662,Notebooks,School Items
1663,Pencil Pouch,School Items
1664,Uniforms,School Items
1665,Calculators,School Items
1666,Crayons,School Items
1667,Notebooks,School Items
1668,Notebooks,School Items
1669,Textbooks,School Items
1670,Lunch Bags,School Items
1671,Erasers,School Items
1672,Rulers,School Items
1673,Bags,School Items
1674,Lunchbox,School Items
1675,Chromebooks,School Items
1676,Glue Stick,School Items
1677,Chromebooks,School Items
1678,Sketchbooks,School Items
1679,Uniforms,School Items
1680,Markers,School Items
1681,Markers,School Items
1682,Lunch Bags,School Items
1683,Notebooks,School Items
1684,Chromebooks,School Items
1685,Backpacks,School Items
1686,Pens,School Items
1687,Pencils,School Items
1688,Pencil Pouch,School Items
1689,Chromebooks,School Items
1690,Uniforms,School Items
1691,Mechanical Pencils,School Items
1692,Pencils,School Items
1693,Textbooks,School Items
1694,Pencil Pouch,School Items
1695,Gym Bag,School Items
1696,Index cards,School Items
1697,Backpacks,School Items
1698,Glue Stick,School Items
1699,Uniforms,School Items
1700,Glue Stick,School Items
1701,Lunchbox,School Items
1702,Chromebooks,School Items
1703,Notebooks,School Items
1704,Index cards,School Items
1705,Uniforms,School Items
1706,Pens,School Items
1707,Gym Bag,School Items
1708,Gym Bag,School Items
1709,Sharpie pens,School Items
1710,Uniforms,School Items
1711,Rulers,School Items
1712,Markers,School Items
1713,Bags,School Items
1714,Crayons,School Items
1715,Pens,School Items
1716,Rulers,School Items
1717,Chromebooks,School Items
1718,Notepads,School Items
1719,Chromebooks,School Items
1720,Folders,School Items
1721,Chromebooks,School Items
1722,Mechanical Pencils,School Items
1723,Mechanical Pencils,School Items
1724,Bags,School Items
1725,Notepads,School Items
1726,Erasers,School Items
1727,Textbooks,School Items
1728,Textbooks,School Items
1729,Rulers,School Items
1730,Markers,School Items
1731,Bags,School Items
1732,Glue Stick,School Items
1733,Backpacks,School Items
1734,Notebooks,School Items
1735,Mechanical Pencils,School Items
1736,Markers,School Items
1737,Erasers,School Items
1738,Markers,School Items
1739,Bags,School Items
1740,Erasers,School Items
1741,Sketchbooks,School Items
1742,Sketchbooks,School Items
1743,Textbooks,School Items
1744,Sharpie pens,School Items
1745,Textbooks,School Items
1746,Rulers,School Items
1747,Pens,School Items
1748,Notebooks,School Items
1749,Crayons,School Items
1750,Erasers,School Items
1751,Rulers,School Items
1752,Chromebooks,School Items
1753,Mechanical Pencils,School Items
1754,Uniforms,School Items
1755,Bags,School Items
1756,Chromebooks,School Items
1757,Pencil Pouch,School Items
1758,Mechanical Pencils,School Items
1759,Index cards,School Items
1760,Backpacks,School Items
1761,Lunch Bags,School Items
1762,Pencils,School Items
1763,Backpacks,School Items
1764,Folders,School Items
1765,Markers,School Items
1766,Backpacks,School Items
1767,Erasers,School Items
1768,Pens,School Items
1769,Markers,School Items
1770,Index cards,School Items
1771,Index cards,School Items
1772,Pens,School Items
1773,Sketchbooks,School Items
1774,Markers,School Items
1775,Backpacks,School Items
1776,Sketchbooks,School Items
1777,Index cards,School Items
1778,Crayons,School Items
1779,Gym Bag,School Items
1780,Markers,School Items
1781,Backpacks,School Items
1782,Folders,School Items
1783,Notepads,School Items
1784,Lunchbox,School Items
1785,Sketchbooks,School Items
1786,Uniforms,School Items
1787,Glue Stick,School Items
1788,Backpacks,School Items
1789,Markers,School Items
1790,Textbooks,School Items
1791,Mechanical Pencils,School Items
1792,Bags,School Items
1793,Index cards,School Items
1794,Sketchbooks,School Items
1795,Backpacks,School Items
1796,Pencils,School Items
1797,Calculators,School Items
1798,Mechanical Pencils,School Items
1799,Notepads,School Items
1800,Pencil Pouch,School Items
1801,Uniforms,School Items
1802,Crayons,School Items
1803,Sketchbooks,School Items
1804,Chromebooks,School Items
1805,Pencil Pouch,School Items
1806,Textbooks,School Items
1807,Crayons,School Items
1808,Rulers,School Items
1809,Calculators,School Items
1810,Mechanical Pencils,School Items
1811,Sharpie pens,School Items
1812,Chromebooks,School Items
1813,Pens,School Items
1814,Markers,School Items
1815,Backpacks,School Items
1816,Pencils,School Items
1817,Gym Bag,School Items
1818,Erasers,School Items
1819,Erasers,School Items
1820,Uniforms,School Items
1821,Lunch Bags,School Items
1822,Textbooks,School Items
1823,Gym Bag,School Items
1824,Notepads,School Items
1825,Index cards,School Items
1826,Index cards,School Items
1827,Index cards,School Items
1828,Glue Stick,School Items
1829,Folders,School Items
1830,Erasers,School Items
1831,Pencil Pouch,School Items
1832,Crayons,School Items
1833,Index cards,School Items
1834,Gym Bag,School Items
1835,Chromebooks,School Items
1836,Lunch Bags,School Items
1837,Lunch Bags,School Items
1838,Crayons,School Items
1839,Mechanical Pencils,School Items
1840,Notepads,School Items
1841,Notebooks,School Items
1842,Folders,School Items
1843,Lunch Bags,School Items
1844,Chromebooks,School Items
1845,Gym Bag,School Items
1846,Crayons,School Items
1847,Pens,School Items
1848,Pens,School Items
1849,Notebooks,School Items
1850,Backpacks,School Items
1851,Sharpie pens,School Items
1852,Notepads,School Items
1853,Folders,School Items
1854,Markers,School Items
1855,Mechanical Pencils,School Items
1856,Markers,School Items
1857,Gym Bag,School Items
1858,Chromebooks,School Items
1859,Sharpie pens,School Items
1860,Calculators,School Items
1861,Notebooks,School Items
1862,Sketchbooks,School Items
1863,Mechanical Pencils,School Items
1864,Pencils,School Items
1865,Lunchbox,School Items
1866,Gym Bag,School Items
1867,Calculators,School Items
1868,Mechanical Pencils,School Items
1869,Gym Bag,School Items
1870,Pens,School Items
1871,Lunch Bags,School Items
1872,Uniforms,School Items
1873,Backpacks,School Items
1874,Erasers,School Items
1875,Calculators,School Items
1876,Crayons,School Items
1877,Erasers,School Items
1878,Pens,School Items
1879,Index cards,School Items
1880,Chromebooks,School Items
1881,Lunchbox,School Items
1882,Index cards,School Items
1883,Sketchbooks,School Items
1884,Notepads,School Items
1885,Folders,School Items
1886,Uniforms,School Items
1887,Chromebooks,School Items
1888,Glue Stick,School Items
1889,Backpacks,School Items
1890,Index cards,School Items
1891,Markers,School Items
1892,Mechanical Pencils,School Items
1893,Crayons,School Items
1894,Folders,School Items
1895,Mechanical Pencils,School Items
1896,Bags,School Items
1897,Sharpie pens,School Items
1898,Sharpie pens,School Items
1899,Pencils,School Items
1900,Bags,School Items
1901,Notebooks,School Items
1902,Rulers,School Items
1903,Pens,School Items
1904,Index cards,School Items
1905,Folders,School Items
1906,Uniforms,School Items
1907,Lunchbox,School Items
1908,Sharpie pens,School Items
1909,Backpacks,School Items
1910,Bags,School Items
1911,Rulers,School Items
1912,Markers,School Items
1913,Lunch Bags,School Items
1914,Rulers,School Items
1915,Calculators,School Items
1916,Mechanical Pencils,School Items
1917,Bags,School Items
1918,Pencil Pouch,School Items
1919,Erasers,School Items
1920,Textbooks,School Items
1921,Glue Stick,School Items
1922,Chromebooks,School Items
1923,Glue Stick,School Items
1924,Calculators,School Items
1925,Crayons,School Items
1926,Mechanical Pencils,School Items
1927,Markers,School Items
1928,Notebooks,School Items
1929,Folders,School Items
1930,Notepads,School Items
1931,Sketchbooks,School Items
1932,Index cards,School Items
1933,Sketchbooks,School Items
1934,Calculators,School Items
1935,Calculators,School Items
1936,Textbooks,School Items
1937,Crayons,School Items
1938,Erasers,School Items
1939,Pens,School Items
1940,Calculators,School Items
1941,Erasers,School Items
1942,Index cards,School Items
1943,Sketchbooks,School Items
1944,Chromebooks,School Items
1945,Crayons,School Items
1946,Sharpie pens,School Items
1947,Calculators,School Items
1948,Sharpie pens,School Items
1949,Chromebooks,School Items
1950,Textbooks,School Items
1951,Sketchbooks,School Items
1952,Pencil Pouch,School Items
1953,Glue Stick,School Items
1954,Mechanical Pencils,School Items
1955,Notepads,School Items
1956,Pencil Pouch,School Items
1957,Sketchbooks,School Items
1958,Folders,School Items
1959,Pencil Pouch,School Items
1960,Erasers,School Items
1961,Chromebooks,School Items
1962,Sketchbooks,School Items
1963,Erasers,School Items
1964,Notepads,School Items
1965,Textbooks,School Items
1966,Folders,School Items
1967,Textbooks,School Items
1968,Backpacks,School Items
1969,Sketchbooks,School Items
1970,Pencils,School Items
1971,Chromebooks,School Items
1972,Folders,School Items
1973,Lunch Bags,School Items
1974,Pencil Pouch,School Items
1975,Mechanical Pencils,School Items
1976,Chromebooks,School Items
1977,Pencils,School Items
1978,Folders,School Items
1979,Pencils,School Items
1980,Uniforms,School Items
1981,Sketchbooks,School Items
1982,Pencils,School Items
1983,Textbooks,School Items
1984,Erasers,School Items
1985,Uniforms,School Items
1986,Glue Stick,School Items
1987,Mechanical Pencils,School Items
1988,Notebooks,School Items
1989,Bags,School Items
1990,Glue Stick,School Items
1991,Chromebooks,School Items
1992,Uniforms,School Items
1993,Lunch Bags,School Items
1994,Backpacks,School Items
1995,Folders,School Items
1996,Index cards,School Items
1997,Notepads,School Items
1998,Sketchbooks,School Items
1999,Pens,School Items
2000,Pens,School Items
